image_path,food_type,calories
images/aloo_gobi/00fce13f41.jpg,aloo_gobi,180
images/aloo_gobi/04f6621f19.jpg,aloo_gobi,180
images/aloo_gobi/0ab3a056ed.jpg,aloo_gobi,180
images/aloo_gobi/0ab91a93df.jpg,aloo_gobi,180
images/aloo_gobi/0b8b93a61c.jpg,aloo_gobi,180
images/aloo_gobi/0b97c99f59.jpg,aloo_gobi,180
images/aloo_gobi/0bc22d7426.jpg,aloo_gobi,180
images/aloo_gobi/0d0d6d5d9e.jpg,aloo_gobi,180
images/aloo_gobi/0fd0e8821c.jpg,aloo_gobi,180
images/aloo_gobi/1a4970a193.jpg,aloo_gobi,180
images/aloo_gobi/1b431ad21c.jpg,aloo_gobi,180
images/aloo_gobi/1ce969aa3b.jpg,aloo_gobi,180
images/aloo_gobi/2a46407f59.jpg,aloo_gobi,180
images/aloo_gobi/2d44ca6b73.jpg,aloo_gobi,180
images/aloo_gobi/2d60311a69.jpg,aloo_gobi,180
images/aloo_gobi/2dc453e97c.jpg,aloo_gobi,180
images/aloo_gobi/2e483c3d7b.jpg,aloo_gobi,180
images/aloo_gobi/2f43ef19ea.jpg,aloo_gobi,180
images/aloo_gobi/2f4a394175.jpg,aloo_gobi,180
images/aloo_gobi/2f8013eec0.jpg,aloo_gobi,180
images/aloo_gobi/3a085edb5a.jpg,aloo_gobi,180
images/aloo_gobi/3bb33e5e68.jpg,aloo_gobi,180
images/aloo_gobi/3c84676bd2.jpg,aloo_gobi,180
images/aloo_gobi/4c8f0980a5.jpg,aloo_gobi,180
images/aloo_tikki/004bd4d6cd.jpg,aloo_tikki,220
images/aloo_tikki/03b0fedc34.jpg,aloo_tikki,220
images/aloo_tikki/1ae2362cff.jpg,aloo_tikki,220
images/aloo_tikki/1d825896d3.jpg,aloo_tikki,220
images/aloo_tikki/1dbb376e65.jpg,aloo_tikki,220
images/aloo_tikki/1e00272870.jpg,aloo_tikki,220
images/aloo_tikki/1f6472d8be.jpg,aloo_tikki,220
images/aloo_tikki/2a2944e670.jpg,aloo_tikki,220
images/aloo_tikki/2bc7391acb.jpg,aloo_tikki,220
images/aloo_tikki/2c09787601.jpg,aloo_tikki,220
images/aloo_tikki/2c7eab292d.jpg,aloo_tikki,220
images/aloo_tikki/2cb4df3a6a.jpg,aloo_tikki,220
images/aloo_tikki/2e9b9ec2a7.jpg,aloo_tikki,220
images/aloo_tikki/2f072aa30b.jpg,aloo_tikki,220
images/aloo_tikki/3abfca97d1.jpg,aloo_tikki,220
images/aloo_tikki/3be53b71ca.jpg,aloo_tikki,220
images/aloo_tikki/4bb6bb23de.jpg,aloo_tikki,220
images/aloo_tikki/4eb99cdf90.jpg,aloo_tikki,220
images/aloo_tikki/5c64ff30af.jpg,aloo_tikki,220
images/aloo_tikki/5f4bd15aa6.jpg,aloo_tikki,220
images/aloo_tikki/5fad6d5c12.jpg,aloo_tikki,220
images/aloo_tikki/6a0dfc7de6.jpg,aloo_tikki,220
images/aloo_tikki/6d30efcf50.jpg,aloo_tikki,220
images/aloo_tikki/7cd9a95c9b.jpg,aloo_tikki,220
images/bandar_laddu/0aaf6f0409.jpg,bandar_laddu,150
images/bandar_laddu/0b5ed70271.jpg,bandar_laddu,150
images/bandar_laddu/0b7aea5fad.jpg,bandar_laddu,150
images/bandar_laddu/0c4a1135ec.jpg,bandar_laddu,150
images/bandar_laddu/1b478b0569.jpg,bandar_laddu,150
images/bandar_laddu/1d04f0c080.jpg,bandar_laddu,150
images/bandar_laddu/1d9ae560e1.jpg,bandar_laddu,150
images/bandar_laddu/1e1c1f1177.jpg,bandar_laddu,150
images/bandar_laddu/1f98260713.jpg,bandar_laddu,150
images/bandar_laddu/1fec4ea59f.jpg,bandar_laddu,150
images/bandar_laddu/1ffe8afc17.jpg,bandar_laddu,150
images/bandar_laddu/2bbd80dc73.jpg,bandar_laddu,150
images/bandar_laddu/3bfc4fdc3a.jpg,bandar_laddu,150
images/bandar_laddu/3c3008af2e.jpg,bandar_laddu,150
images/bandar_laddu/3fc21f079f.jpg,bandar_laddu,150
images/bandar_laddu/4bfaeea642.jpg,bandar_laddu,150
images/bandar_laddu/4d274728d7.jpg,bandar_laddu,150
images/bandar_laddu/4d287e3d6d.jpg,bandar_laddu,150
images/bandar_laddu/4f1a1f6f98.jpg,bandar_laddu,150
images/bandar_laddu/4fc5ebcc81.jpg,bandar_laddu,150
images/bandar_laddu/5a081abb3a.jpg,bandar_laddu,150
images/bandar_laddu/5c7ec4b6dc.jpg,bandar_laddu,150
images/bandar_laddu/5cfdbf5827.jpg,bandar_laddu,150
images/bandar_laddu/5d1bf18794.jpg,bandar_laddu,150
images/Barbecue_chicken/image_1.jpg,Barbecue_chicken,300
images/Barbecue_chicken/image_11.jpg,Barbecue_chicken,300
images/Barbecue_chicken/image_13.jpg,Barbecue_chicken,300
images/Barbecue_chicken/image_15.jpg,Barbecue_chicken,300
images/Barbecue_chicken/image_17.jpg,Barbecue_chicken,300
images/Barbecue_chicken/image_19.jpg,Barbecue_chicken,300
images/Barbecue_chicken/image_21.jpg,Barbecue_chicken,300
images/Barbecue_chicken/image_23.jpg,Barbecue_chicken,300
images/Barbecue_chicken/image_25.jpg,Barbecue_chicken,300
images/Barbecue_chicken/image_27.jpg,Barbecue_chicken,300
images/Barbecue_chicken/image_29.jpg,Barbecue_chicken,300
images/Barbecue_chicken/image_3.jpg,Barbecue_chicken,300
images/Barbecue_chicken/image_31.jpg,Barbecue_chicken,300
images/Barbecue_chicken/image_33.jpg,Barbecue_chicken,300
images/Barbecue_chicken/image_35.jpg,Barbecue_chicken,300
images/Barbecue_chicken/image_37.jpg,Barbecue_chicken,300
images/Barbecue_chicken/image_39.jpg,Barbecue_chicken,300
images/Barbecue_chicken/image_41.jpg,Barbecue_chicken,300
images/Barbecue_chicken/image_43.jpg,Barbecue_chicken,300
images/Barbecue_chicken/image_45.jpg,Barbecue_chicken,300
images/Barbecue_chicken/image_47.jpg,Barbecue_chicken,300
images/Barbecue_chicken/image_5.jpg,Barbecue_chicken,300
images/Barbecue_chicken/image_7.jpg,Barbecue_chicken,300
images/Barbecue_chicken/image_9.jpg,Barbecue_chicken,300
images/bhindi_masala/01eaebcbec.jpg,bhindi_masala,160
images/bhindi_masala/06d2073358.jpg,bhindi_masala,160
images/bhindi_masala/0ad2da976e.jpg,bhindi_masala,160
images/bhindi_masala/0aff82ae15.jpg,bhindi_masala,160
images/bhindi_masala/0b61920a7a.jpg,bhindi_masala,160
images/bhindi_masala/0ba897c635.jpg,bhindi_masala,160
images/bhindi_masala/0bca32a43c.jpg,bhindi_masala,160
images/bhindi_masala/0d7b98db59.jpg,bhindi_masala,160
images/bhindi_masala/0d8b6a852c.jpg,bhindi_masala,160
images/bhindi_masala/0dd082619b.jpg,bhindi_masala,160
images/bhindi_masala/0f179154b5.jpg,bhindi_masala,160
images/bhindi_masala/1b707637e4.jpg,bhindi_masala,160
images/bhindi_masala/1f71179ba6.jpg,bhindi_masala,160
images/bhindi_masala/2b26a71880.jpg,bhindi_masala,160
images/bhindi_masala/2d37c537f0.jpg,bhindi_masala,160
images/bhindi_masala/2e34c2526f.jpg,bhindi_masala,160
images/bhindi_masala/3b90c4f75e.jpg,bhindi_masala,160
images/bhindi_masala/3bede0f616.jpg,bhindi_masala,160
images/bhindi_masala/3c65b09a7e.jpg,bhindi_masala,160
images/bhindi_masala/3d93c477ca.jpg,bhindi_masala,160
images/bhindi_masala/3fff4e97d4.jpg,bhindi_masala,160
images/bhindi_masala/4cbdca970b.jpg,bhindi_masala,160
images/bhindi_masala/5ced6c6553.jpg,bhindi_masala,160
images/bhindi_masala/5f6c13abfb.jpg,bhindi_masala,160
images/biryani/04d39a92fc.jpg,biryani,420
images/biryani/05af7f1839.jpg,biryani,420
images/biryani/0d81432b55.jpg,biryani,420
images/biryani/0ea582d23a.jpg,biryani,420
images/biryani/1d60d3a825.jpg,biryani,420
images/biryani/2aac25f425.jpg,biryani,420
images/biryani/2b37e418dc.jpg,biryani,420
images/biryani/2c1d127b21.jpg,biryani,420
images/biryani/2dcb82424b.jpg,biryani,420
images/biryani/2fe9f5a813.jpg,biryani,420
images/biryani/4a7ac94a77.jpg,biryani,420
images/biryani/4b34ae210e.jpg,biryani,420
images/biryani/4c1a9e1748.jpg,biryani,420
images/biryani/4d318a1d0c.jpg,biryani,420
images/biryani/4e289b089c.jpg,biryani,420
images/biryani/4f8914a4bf.jpg,biryani,420
images/biryani/4fc817a1a4.jpg,biryani,420
images/biryani/5a57c96bfc.jpg,biryani,420
images/biryani/5aa9621cee.jpg,biryani,420
images/biryani/5b489b49c5.jpg,biryani,420
images/biryani/5c80c9eead.jpg,biryani,420
images/biryani/5d7b92fe3b.jpg,biryani,420
images/biryani/5d7bbc6c41.jpg,biryani,420
images/biryani/5e59fcf9f7.jpg,biryani,420
images/Brownies/image_10.jpg,Brownies,280
images/Brownies/image_12.jpg,Brownies,280
images/Brownies/image_14.jpg,Brownies,280
images/Brownies/image_16.jpg,Brownies,280
images/Brownies/image_18.jpg,Brownies,280
images/Brownies/image_2.jpg,Brownies,280
images/Brownies/image_20.jpg,Brownies,280
images/Brownies/image_22.jpg,Brownies,280
images/Brownies/image_24.jpg,Brownies,280
images/Brownies/image_26.jpg,Brownies,280
images/Brownies/image_28.jpg,Brownies,280
images/Brownies/image_30.jpg,Brownies,280
images/Brownies/image_32.jpg,Brownies,280
images/Brownies/image_34.jpg,Brownies,280
images/Brownies/image_36.jpg,Brownies,280
images/Brownies/image_38.jpg,Brownies,280
images/Brownies/image_4.jpg,Brownies,280
images/Brownies/image_40.jpg,Brownies,280
images/Brownies/image_42.jpg,Brownies,280
images/Brownies/image_44.jpg,Brownies,280
images/Brownies/image_46.jpg,Brownies,280
images/Brownies/image_48.jpg,Brownies,280
images/Brownies/image_6.jpg,Brownies,280
images/Brownies/image_8.jpg,Brownies,280
images/Butter_Chicken/00a258a357.jpg,Butter_Chicken,350
images/Butter_Chicken/03b22cbe13.jpg,Butter_Chicken,350
images/Butter_Chicken/06d8a495b7.jpg,Butter_Chicken,350
images/Butter_Chicken/0a7bff692f.jpg,Butter_Chicken,350
images/Butter_Chicken/0fcd81f71f.jpg,Butter_Chicken,350
images/Butter_Chicken/1a06acb86a.jpg,Butter_Chicken,350
images/Butter_Chicken/1aa51cd278.jpg,Butter_Chicken,350
images/Butter_Chicken/1c212d65d9.jpg,Butter_Chicken,350
images/Butter_Chicken/1d5733d73e.jpg,Butter_Chicken,350
images/Butter_Chicken/1fa9069a37.jpg,Butter_Chicken,350
images/Butter_Chicken/2a5dc2406a.jpg,Butter_Chicken,350
images/Butter_Chicken/2a737911c0.jpg,Butter_Chicken,350
images/Butter_Chicken/2ab5e4e96a.jpg,Butter_Chicken,350
images/Butter_Chicken/2dd0aa46c1.jpg,Butter_Chicken,350
images/Butter_Chicken/2ee98471f9.jpg,Butter_Chicken,350
images/Butter_Chicken/2f7c51b301.jpg,Butter_Chicken,350
images/Butter_Chicken/3ab128e39e.jpg,Butter_Chicken,350
images/Butter_Chicken/3ad0d5554a.jpg,Butter_Chicken,350
images/Butter_Chicken/3dad4ef7b7.jpg,Butter_Chicken,350
images/Butter_Chicken/3eb55ef5a4.jpg,Butter_Chicken,350
images/Butter_Chicken/3f15bf4252.jpg,Butter_Chicken,350
images/Butter_Chicken/3f91ffdfe8.jpg,Butter_Chicken,350
images/Butter_Chicken/4dc775e0ba.jpg,Butter_Chicken,350
images/Butter_Chicken/4e58fa470d.jpg,Butter_Chicken,350
images/chana_masala/01c8f6c64b.jpg,chana_masala,240
images/chana_masala/0ac7bb1dbf.jpg,chana_masala,240
images/chana_masala/0e1e2c6af9.jpg,chana_masala,240
images/chana_masala/1a673018f4.jpg,chana_masala,240
images/chana_masala/1ba22eb4e7.jpg,chana_masala,240
images/chana_masala/1ecff24ebe.jpg,chana_masala,240
images/chana_masala/2c348d8915.jpg,chana_masala,240
images/chana_masala/2ef6add30c.jpg,chana_masala,240
images/chana_masala/2fb6a63f41.jpg,chana_masala,240
images/chana_masala/2ffc3e47bd.jpg,chana_masala,240
images/chana_masala/3a26154c3a.jpg,chana_masala,240
images/chana_masala/3c23fa9de8.jpg,chana_masala,240
images/chana_masala/3d09177ad7.jpg,chana_masala,240
images/chana_masala/3e47a0f8ed.jpg,chana_masala,240
images/chana_masala/3e8d74d059.jpg,chana_masala,240
images/chana_masala/4aa265a682.jpg,chana_masala,240
images/chana_masala/4b2b219b9b.jpg,chana_masala,240
images/chana_masala/4cb2580665.jpg,chana_masala,240
images/chana_masala/4f96931ccd.jpg,chana_masala,240
images/chana_masala/5bbffb76cd.jpg,chana_masala,240
images/chana_masala/5c678ae923.jpg,chana_masala,240
images/chana_masala/5cb62fb486.jpg,chana_masala,240
images/chana_masala/5db8ccf2e0.jpg,chana_masala,240
images/chana_masala/5dc7c26e9d.jpg,chana_masala,240
images/chapati/00d4263b19.jpg,chapati,120
images/chapati/0b59806867.jpg,chapati,120
images/chapati/0bbaf9ac9a.jpg,chapati,120
images/chapati/0c0c52729b.jpg,chapati,120
images/chapati/1a5c0b34c9.jpg,chapati,120
images/chapati/1a71f26a1e.jpg,chapati,120
images/chapati/2a74582aa6.jpg,chapati,120
images/chapati/2a93afc49b.jpg,chapati,120
images/chapati/2ce18ad8e9.jpg,chapati,120
images/chapati/3a8807852b.jpg,chapati,120
images/chapati/3df05a7c56.jpg,chapati,120
images/chapati/3f88f604c4.jpg,chapati,120
images/chapati/3ff45bc50d.jpg,chapati,120
images/chapati/4a5f1a2ab3.jpg,chapati,120
images/chapati/4aa81d7cfc.jpg,chapati,120
images/chapati/4f1414d74c.jpg,chapati,120
images/chapati/4f83f264bc.jpg,chapati,120
images/chapati/5d633cebaa.jpg,chapati,120
images/chapati/5dd7de505e.jpg,chapati,120
images/chapati/5fd4b14d4c.jpg,chapati,120
images/chapati/6c5a3fdbb9.jpg,chapati,120
images/chapati/7bdb33b680.jpg,chapati,120
images/chapati/7d5dcb6ac4.jpg,chapati,120
images/chapati/7e9b6b9134.jpg,chapati,120
images/chicken burger/image_10.jpg,chicken burger,320
images/chicken burger/image_12.jpg,chicken burger,320
images/chicken burger/image_14.jpg,chicken burger,320
images/chicken burger/image_16.jpg,chicken burger,320
images/chicken burger/image_18.jpg,chicken burger,320
images/chicken burger/image_2.jpg,chicken burger,320
images/chicken burger/image_20.jpg,chicken burger,320
images/chicken burger/image_22.jpg,chicken burger,320
images/chicken burger/image_24.jpg,chicken burger,320
images/chicken burger/image_26.jpg,chicken burger,320
images/chicken burger/image_28.jpg,chicken burger,320
images/chicken burger/image_30.jpg,chicken burger,320
images/chicken burger/image_32.jpg,chicken burger,320
images/chicken burger/image_34.jpg,chicken burger,320
images/chicken burger/image_36.jpg,chicken burger,320
images/chicken burger/image_38.jpg,chicken burger,320
images/chicken burger/image_4.jpg,chicken burger,320
images/chicken burger/image_40.jpg,chicken burger,320
images/chicken burger/image_42.jpg,chicken burger,320
images/chicken burger/image_44.jpg,chicken burger,320
images/chicken burger/image_46.jpg,chicken burger,320
images/chicken burger/image_48.jpg,chicken burger,320
images/chicken burger/image_6.jpg,chicken burger,320
images/chicken burger/image_8.jpg,chicken burger,320
images/chicken kabab/image_1.jpg,chicken kabab,270
images/chicken kabab/image_11.jpg,chicken kabab,270
images/chicken kabab/image_13.jpg,chicken kabab,270
images/chicken kabab/image_15.jpg,chicken kabab,270
images/chicken kabab/image_17.jpg,chicken kabab,270
images/chicken kabab/image_19.jpg,chicken kabab,270
images/chicken kabab/image_21.jpg,chicken kabab,270
images/chicken kabab/image_23.jpg,chicken kabab,270
images/chicken kabab/image_25.jpg,chicken kabab,270
images/chicken kabab/image_27.jpg,chicken kabab,270
images/chicken kabab/image_29.jpg,chicken kabab,270
images/chicken kabab/image_3.jpg,chicken kabab,270
images/chicken kabab/image_31.jpg,chicken kabab,270
images/chicken kabab/image_33.jpg,chicken kabab,270
images/chicken kabab/image_35.jpg,chicken kabab,270
images/chicken kabab/image_37.jpg,chicken kabab,270
images/chicken kabab/image_39.jpg,chicken kabab,270
images/chicken kabab/image_41.jpg,chicken kabab,270
images/chicken kabab/image_43.jpg,chicken kabab,270
images/chicken kabab/image_45.jpg,chicken kabab,270
images/chicken kabab/image_47.jpg,chicken kabab,270
images/chicken kabab/image_5.jpg,chicken kabab,270
images/chicken kabab/image_7.jpg,chicken kabab,270
images/chicken kabab/image_9.jpg,chicken kabab,270
images/Chicken Mashroam white rice/image_1.jpg,Chicken Mashroam white rice,380
images/Chicken Mashroam white rice/image_11.jpg,Chicken Mashroam white rice,380
images/Chicken Mashroam white rice/image_13.jpg,Chicken Mashroam white rice,380
images/Chicken Mashroam white rice/image_15.jpg,Chicken Mashroam white rice,380
images/Chicken Mashroam white rice/image_17.jpg,Chicken Mashroam white rice,380
images/Chicken Mashroam white rice/image_19.jpg,Chicken Mashroam white rice,380
images/Chicken Mashroam white rice/image_21.jpg,Chicken Mashroam white rice,380
images/Chicken Mashroam white rice/image_23.jpg,Chicken Mashroam white rice,380
images/Chicken Mashroam white rice/image_25.jpg,Chicken Mashroam white rice,380
images/Chicken Mashroam white rice/image_27.jpg,Chicken Mashroam white rice,380
images/Chicken Mashroam white rice/image_29.jpg,Chicken Mashroam white rice,380
images/Chicken Mashroam white rice/image_3.jpg,Chicken Mashroam white rice,380
images/Chicken Mashroam white rice/image_31.jpg,Chicken Mashroam white rice,380
images/Chicken Mashroam white rice/image_33.jpg,Chicken Mashroam white rice,380
images/Chicken Mashroam white rice/image_35.jpg,Chicken Mashroam white rice,380
images/Chicken Mashroam white rice/image_37.jpg,Chicken Mashroam white rice,380
images/Chicken Mashroam white rice/image_39.jpg,Chicken Mashroam white rice,380
images/Chicken Mashroam white rice/image_41.jpg,Chicken Mashroam white rice,380
images/Chicken Mashroam white rice/image_43.jpg,Chicken Mashroam white rice,380
images/Chicken Mashroam white rice/image_45.jpg,Chicken Mashroam white rice,380
images/Chicken Mashroam white rice/image_5.jpg,Chicken Mashroam white rice,380
images/Chicken Mashroam white rice/image_7.jpg,Chicken Mashroam white rice,380
images/Chicken Mashroam white rice/image_9.jpg,Chicken Mashroam white rice,380
images/Chicken_Biryani/image_10.jpg,Chicken_Biryani,450
images/Chicken_Biryani/image_12.jpg,Chicken_Biryani,450
images/Chicken_Biryani/image_14.jpg,Chicken_Biryani,450
images/Chicken_Biryani/image_16.jpg,Chicken_Biryani,450
images/Chicken_Biryani/image_18.jpg,Chicken_Biryani,450
images/Chicken_Biryani/image_2.jpg,Chicken_Biryani,450
images/Chicken_Biryani/image_20.jpg,Chicken_Biryani,450
images/Chicken_Biryani/image_22.jpg,Chicken_Biryani,450
images/Chicken_Biryani/image_24.jpg,Chicken_Biryani,450
images/Chicken_Biryani/image_26.jpg,Chicken_Biryani,450
images/Chicken_Biryani/image_28.jpg,Chicken_Biryani,450
images/Chicken_Biryani/image_30.jpg,Chicken_Biryani,450
images/Chicken_Biryani/image_32.jpg,Chicken_Biryani,450
images/Chicken_Biryani/image_34.jpg,Chicken_Biryani,450
images/Chicken_Biryani/image_36.jpg,Chicken_Biryani,450
images/Chicken_Biryani/image_38.jpg,Chicken_Biryani,450
images/Chicken_Biryani/image_4.jpg,Chicken_Biryani,450
images/Chicken_Biryani/image_40.jpg,Chicken_Biryani,450
images/Chicken_Biryani/image_42.jpg,Chicken_Biryani,450
images/Chicken_Biryani/image_44.jpg,Chicken_Biryani,450
images/Chicken_Biryani/image_46.jpg,Chicken_Biryani,450
images/Chicken_Biryani/image_48.jpg,Chicken_Biryani,450
images/Chicken_Biryani/image_6.jpg,Chicken_Biryani,450
images/Chicken_Biryani/image_8.jpg,Chicken_Biryani,450
